{"GamesPlayed":15,"GamesWon":4,"FastestWinSeconds":8.3741672000000005,"AverageWinSeconds":20.692459840000001}