{"GamesPlayed":13,"GamesWon":2,"FastestWinSeconds":8.3741672000000005,"AverageWinSeconds":6.5868963461538463}